{"loss": [55.74430847167969, 53.99303436279297, 52.51254653930664, 51.104034423828125, 49.72455978393555, 48.401702880859375, 47.08729553222656, 45.81562042236328, 44.553985595703125, 43.32724380493164], "accuracy": [0.47669172286987305, 0.7503759264945984, 0.8218045234680176, 0.8684210777282715, 0.8902255892753601, 0.9067668914794922, 0.9203007221221924, 0.9255639314651489, 0.9285714030265808, 0.9353383183479309], "val_loss": [54.77079772949219, 53.2087516784668, 51.77157211303711, 50.39250183105469, 49.05637741088867, 47.749290466308594, 46.4678840637207, 45.20623779296875, 43.96766662597656, 42.74894332885742], "val_accuracy": [0.6554054021835327, 0.8108108043670654, 0.8716216087341309, 0.8986486196517944, 0.9054054021835327, 0.8986486196517944, 0.9054054021835327, 0.912162184715271, 0.912162184715271, 0.912162184715271]}