{"trainable_parameters": 2306051, "execution_time": 2.5078550974527993, "loss": 42.71113967895508, "accuracy": 0.9272727370262146, "model_size": 9595256, "learning_rate": 0.001, "batch_size": 32, "epochs": 10, "optimizer": "SGD"}