{"trainable_parameters": 82179, "execution_time": 2.266507025559743, "loss": 42.91104507446289, "accuracy": 0.842424213886261, "model_size": 9595256, "learning_rate": 0.001, "batch_size": 32, "epochs": 10, "optimizer": "SGD"}